Court Category,Code ID,Code Description,Code Type
C,F,FEMALE,circuitGender
C,M,MALE,circuitGender
C,A,ASIAN OR PACIFIC ISLANDER,circuitRace
C,B,BLACK,circuitRace
C,H,HISPANIC,circuitRace
C,I,AMERICAN INDIAN OR ALASKAN NATIVE,circuitRace
C,O,"OTHER (INCLUDES NOT APPLICABLE, UNKNOWN)",circuitRace
C,U,UNKNOWN,circuitRace
C,W,WHITE,circuitRace
C,C,CIVIL,criminalCaseType
C,F,FELONY,criminalCaseType
C,I,INFRACTION,criminalCaseType
C,M,MISDEMEANOR,criminalCaseType
C,O,"OTHER (ANIMAL VIOLATIONS, BOND APPEALS)",criminalCaseType
C,1,CLASS 1,criminalChargeClass
C,2,CLASS 2,criminalChargeClass
C,3,CLASS 3,criminalChargeClass
C,4,CLASS 4,criminalChargeClass
C,5,CLASS 5,criminalChargeClass
C,6,CLASS 6,criminalChargeClass
C,U,UNCLASSIFIED,criminalChargeClass
C,N,NO,criminalChargeDMVReportable
C,Y,YES,criminalChargeDMVReportable
C,A,ATTEMPT,criminalChargeModifier
C,B,ACCESSORY BEFORE,criminalChargeModifier
C,C,CONSPIRE,criminalChargeModifier
C,J,SOLICIT JUVENILE,criminalChargeModifier
C,P,PRINCIPLE 2ND,criminalChargeModifier
C,S,SOLICITATION,criminalChargeModifier
C,ANCM,ANCILLARY MISDEMEANOR,criminalCommencedBy
C,DIND,DIRECT INDICTMENT,criminalCommencedBy
C,FTA,FAIL TO APPEAR,criminalCommencedBy
C,GAPL,GENERAL DISTRICT COURT APPEAL,criminalCommencedBy
C,IND,INDICTMENT,criminalCommencedBy
C,INFO,INFORMATION,criminalCommencedBy
C,JAPL,J&DR APPEAL,criminalCommencedBy
C,NGIN,NOT GUILTY BY REASON OF INSANITY,criminalCommencedBy
C,OTH,OTHER,criminalCommencedBy
C,PRES,PRESENTMENT,criminalCommencedBy
C,REFM,REINSTATEMENT OF FELONY REDUCED TO MISDEMEANOR,criminalCommencedBy
C,REIN,REINSTATEMENT,criminalCommencedBy
C,WAIV,WAIVER,criminalCommencedBy
C,DIS,DISMISSAL,criminalConcludedBy
C,GP,GUILTY PLEA,criminalConcludedBy
C,NP,NOLLE PROSEQUI,criminalConcludedBy
C,OTH,OTHER,criminalConcludedBy
C,REV,REVOKED,criminalConcludedBy
C,TJ,TRIAL - JURY,criminalConcludedBy
C,TJW,TRIAL - JUDGE WITH WITNESS,criminalConcludedBy
C,TRN,TRANSFERRED,criminalConcludedBy
C,WPT,WITHDRAWN PRIOR TO TRIAL,criminalConcludedBy
C,C,SENTENCE IS TO RUN CONCURRENTLY WITH ANOTHER,criminalConcurrentlyConsecutively
C,S,SENTENCE IS RUN CONSECUTIVELY WITH ANOTHER,criminalConcurrentlyConsecutively
C,R,PROBATION TO BEGIN UPON RELEASE,criminalConfSen
C,S,PROBATION TO BEGIN UPON SENTENCING,criminalConfSen
C,0,UNKNOWN,criminalDefendantMilitary
C,1,ARMY,criminalDefendantMilitary
C,2,NAVY,criminalDefendantMilitary
C,3,AIR FORCE,criminalDefendantMilitary
C,4,MARINES,criminalDefendantMilitary
C,5,COAST GUARD,criminalDefendantMilitary
C,6,NATIONAL GUARD,criminalDefendantMilitary
C,N,NO,criminalDefendantMilitary
C,A,ADULT,criminalDefendantStatus
C,B,BAIL,criminalDefendantStatus
C,C,CUSTODY,criminalDefendantStatus
C,F,FUGITIVE,criminalDefendantStatus
C,M,MINOR,criminalDefendantStatus
C,O,OTHER,criminalDefendantStatus
C,R,MENTAL HEALTH REVIEW,criminalDefendantStatus
C,S,SUMMONS,criminalDefendantStatus
C,AW,APPEAL WITHDRAWN,criminalDisposition
C,D,DISMISSED,criminalDisposition
C,G,GUILTY,criminalDisposition
C,M,MISTRIAL,criminalDisposition
C,NG,NOT GUILTY/ACQUITTED,criminalDisposition
C,NGIN,NOT GUILTY BY REASON OF INSANITY,criminalDisposition
C,NIP,NO INDICTMENT PRESENTED,criminalDisposition
C,NP,NOLLE PROSEQUI,criminalDisposition
C,NTB,NOT TRUE BILL,criminalDisposition
C,REM,REMANDED,criminalDisposition
C,RES,RESOLVED,criminalDisposition
C,REV,SENTENCE/PROBATION REVOKED,criminalDisposition
C,AF,ALFORD,criminalHearingPleaCode
C,G,GUILTY,criminalHearingPleaCode
C,NC,NOLO CONTENDERE,criminalHearingPleaCode
C,NG,NOT GUILTY,criminalHearingPleaCode
C,TA,TRIED IN ABSENTIA,criminalHearingPleaCode
C,AUTO,AUTOMATIC/PROGRAMMATIC END TO THE HEARING,criminalHearingResult
C,AW,APPEAL WITHDRAWN,criminalHearingResult
C,BD,BOND DENIED,criminalHearingResult
C,BF,BOND FORFEITED,criminalHearingResult
C,BFD,BOND FORFEITURE DOCKETED,criminalHearingResult
C,BFP,BOND FORFEITURE PAID,criminalHearingResult
C,BG,BOND GRANTED,criminalHearingResult
C,BNF,BOND NOT FORFEITED,criminalHearingResult
C,BNR,BOND NOT REVOKED,criminalHearingResult
C,BR,BOND REVOKED,criminalHearingResult
C,BW,BENCH WARRANT ISSUED,criminalHearingResult
C,BWW,BENCH WARRANT - WITHDRAWN,criminalHearingResult
C,BWX,BENCH WARRANT - DEFENDANT ARRESTED,criminalHearingResult
C,C,CONTINUED,criminalHearingResult
C,CAP,CAPIAS ISSUED,criminalHearingResult
C,CAPW,CAPIAS WITHDRAWN,criminalHearingResult
C,CAPX,CAPIAS-DEFENDANT ARRESTED,criminalHearingResult
C,CD,CONTINUED MOTION OF DEFENSE,criminalHearingResult
C,CD1,DEFENDANT UNAVAILABLE,criminalHearingResult
C,CD1X,"DEFENDANT UNAVAILABLE, OBJECTION NOTED",criminalHearingResult
C,CD2,DEFENDANT ATTORNEY UNAVAILABLE,criminalHearingResult
C,CD2X,"DEFENDANT ATTORNEY UNAVAILABLE, OBJECTION NOTED",criminalHearingResult
C,CD3,DEF. ATTORNEY UNAVAILABLE (TITLE 30.5),criminalHearingResult
C,CD3X,"DEF. ATTORNEY UNAVAILABLE (TITLE 30.5), OBJECTION NOTED",criminalHearingResult
C,CD4,DEF. ATTORNEY NOT PREPARED,criminalHearingResult
C,CD4X,"DEF. ATTORNEY NOT PREPARED, OBJECTION NOTED",criminalHearingResult
C,CD5,DEF. WITNESS NOT AVAILABLE,criminalHearingResult
C,CD5X,"DEF. WITNESS NOT AVAILABLE, OBJECTION NOTED",criminalHearingResult
C,CD6,DEF. NEEDS/CHANGES ATTORNEY,criminalHearingResult
C,CD6X,"DEF. NEEDS/CHANGES ATTORNEY, OBJECTION NOTED",criminalHearingResult
C,CD7,DEF. REQUESTS JURY TRIAL,criminalHearingResult
C,CD7X,"DEF. REQUESTS JURY TRIAL, OBJECTION NOTED",criminalHearingResult
C,CD8,DEF. NEEDS TIME TO PAY FINE/RESTITUTION,criminalHearingResult
C,CD8X,"DEF. NEEDS TIME TO PAY FINE/RESTITUTION, OBJECTION NOTED",criminalHearingResult
C,CD9,DEF. NEEDS TIME TO COMPLETE REHAB.,criminalHearingResult
C,CD9X,"DEF. NEEDS TIME TO COMPLETE REHAB., OBJECTION NOTED",criminalHearingResult
C,CDA,REQUIRED JUDGE UNAVAILABLE - DEFENSE MOTION,criminalHearingResult
C,CDAX,"REQUIRED JUDGE UNAVAILABLE, OBJECTION NOTED",criminalHearingResult
C,CDB,CONSOLIDATION OF TRIAL DATES/CHARGES - DEFENSE MOTION,criminalHearingResult
C,CDBX,"CONSOLIDATION OF TRIAL DATES/CHARGES, OBJECTION NOTED",criminalHearingResult
C,CDC,NEGOTIATE/REJECT PLEA AGREEMENT - DEFENSE MOTION,criminalHearingResult
C,CDCX,"NEGOTIATE/REJECT PLEA AGREEMENT, OBJECTION NOTED",criminalHearingResult
C,CDX,"CONTINUED MOTION OF DEFENSE, OBJECTION NOTED",criminalHearingResult
C,CG,CONTINUED GENERALLY,criminalHearingResult
C,CJ,CONTINUED MOTION OF JUDGE,criminalHearingResult
C,CJT,COMMONWEALTH REQUESTS JURY TRIAL,criminalHearingResult
C,CO,CARRIED OVER,criminalHearingResult
C,CO1,REQUIRED JUDGE UNAVAILABLE,criminalHearingResult
C,CO2,CONSOLIDATION OF TRIAL DATES/CHARGES,criminalHearingResult
C,CO3,NEGOTIATE/REJECT PLEA AGREEMENT,criminalHearingResult
C,CO4,IMPROPER SCHEDULING,criminalHearingResult
C,CO5,CDI NOT PREPARED,criminalHearingResult
C,CO6,PSR NOT PREPARED,criminalHearingResult
C,COC,CARRIED OVER ON REQ. OF COMM. ATTY,criminalHearingResult
C,COD,CARRIED OVER ON REQUEST OF DEF.,criminalHearingResult
C,CONV,CONVICTION,criminalHearingResult
C,CP,CONTINUED MOTION OF PROSEC. ATTY,criminalHearingResult
C,CP2,PROSECUTING ATTORNEY UNAVAILABLE,criminalHearingResult
C,CP2X,"PROSECUTING ATTORNEY UNAVAILABLE, OBJECTION NOTED",criminalHearingResult
C,CP4,PROSECUTING ATTORNEY NOT PREPARED,criminalHearingResult
C,CP4X,"PROSECUTING ATTORNEY NOT PREPARED, OBJECTION NOTED",criminalHearingResult
C,CP5,PROSECUTION WITNESS UNAVAILABLE,criminalHearingResult
C,CP5X,"PROSECUTION WITNESS UNAVAILABLE, OBJECTION NOTED",criminalHearingResult
C,CP6,REQUIRED JUDGE UNAVAILABLE - PROSECUTION MOTION,criminalHearingResult
C,CP6X,"REQUIRED JUDGE UNAVAILABLE, OBJECTION NOTED",criminalHearingResult
C,CP7,CONSOLIDATION OF TRIAL DATES/CHARGES - PROSECUTION MOTION,criminalHearingResult
C,CP7X,"CONSOLIDATION OF TRIAL DATES/CHARGES, OBJECTION NOTED",criminalHearingResult
C,CP8,NEGOTIATE/REJECT PLEA AGREEMENT - PROSECUTION MOTION,criminalHearingResult
C,CP8X,"NEGOTIATE/REJECT PLEA AGREEMENT, OBJECTION NOTED",criminalHearingResult
C,CP9,TRANSPORTATION ORDER NOT PREPARED,criminalHearingResult
C,CP9X,"TRANSPORTATION ORDER NOT PREPARED, OBJECTION NOTED",criminalHearingResult
C,CPX,"CONTINUED MOTION OF PROSEC. ATTY, OBJECTION NOTED",criminalHearingResult
C,D,DENIED,criminalHearingResult
C,DC,ORDERED INTO DRUG COURT,criminalHearingResult
C,DC1,"DRUG COURT, CONTINUED IN PROGRAM SUBJECT TO SAME TERMS AND CONDITIONS",criminalHearingResult
C,DC10,"DRUG COURT, COMPLETED PROGRAM",criminalHearingResult
C,DC11,"DRUG COURT, CONTINUED IN PROGRAM; INPATIENT TREATMENT (PO TO NOTIFY CLERK OF NEXT DRUG COURT REPORTING DATE)",criminalHearingResult
Court Category,Code ID,Code Description,Code Type
C,F,FEMALE,circuitGender
C,M,MALE,circuitGender
C,A,ASIAN OR PACIFIC ISLANDER,circuitRace
C,B,BLACK,circuitRace
C,H,HISPANIC,circuitRace
C,I,AMERICAN INDIAN OR ALASKAN NATIVE,circuitRace
C,O,"OTHER (INCLUDES NOT APPLICABLE, UNKNOWN)",circuitRace
C,U,UNKNOWN,circuitRace
C,W,WHITE,circuitRace
C,C,CIVIL,criminalCaseType
C,F,FELONY,criminalCaseType
C,I,INFRACTION,criminalCaseType
C,M,MISDEMEANOR,criminalCaseType
C,O,"OTHER (ANIMAL VIOLATIONS, BOND APPEALS)",criminalCaseType
C,1,CLASS 1,criminalChargeClass
C,2,CLASS 2,criminalChargeClass
C,3,CLASS 3,criminalChargeClass
C,4,CLASS 4,criminalChargeClass
C,5,CLASS 5,criminalChargeClass
C,6,CLASS 6,criminalChargeClass
C,U,UNCLASSIFIED,criminalChargeClass
C,N,NO,criminalChargeDMVReportable
C,Y,YES,criminalChargeDMVReportable
C,A,ATTEMPT,criminalChargeModifier
C,B,ACCESSORY BEFORE,criminalChargeModifier
C,C,CONSPIRE,criminalChargeModifier
C,J,SOLICIT JUVENILE,criminalChargeModifier
C,P,PRINCIPLE 2ND,criminalChargeModifier
C,S,SOLICITATION,criminalChargeModifier
C,ANCM,ANCILLARY MISDEMEANOR,criminalCommencedBy
C,DIND,DIRECT INDICTMENT,criminalCommencedBy
C,FTA,FAIL TO APPEAR,criminalCommencedBy
C,GAPL,GENERAL DISTRICT COURT APPEAL,criminalCommencedBy
C,IND,INDICTMENT,criminalCommencedBy
C,INFO,INFORMATION,criminalCommencedBy
C,JAPL,J&DR APPEAL,criminalCommencedBy
C,NGIN,NOT GUILTY BY REASON OF INSANITY,criminalCommencedBy
C,OTH,OTHER,criminalCommencedBy
C,PRES,PRESENTMENT,criminalCommencedBy
C,REFM,REINSTATEMENT OF FELONY REDUCED TO MISDEMEANOR,criminalCommencedBy
C,REIN,REINSTATEMENT,criminalCommencedBy
C,WAIV,WAIVER,criminalCommencedBy
C,DIS,DISMISSAL,criminalConcludedBy
C,GP,GUILTY PLEA,criminalConcludedBy
C,NP,NOLLE PROSEQUI,criminalConcludedBy
C,OTH,OTHER,criminalConcludedBy
C,REV,REVOKED,criminalConcludedBy
C,TJ,TRIAL - JURY,criminalConcludedBy
C,TJW,TRIAL - JUDGE WITH WITNESS,criminalConcludedBy
C,TRN,TRANSFERRED,criminalConcludedBy
C,WPT,WITHDRAWN PRIOR TO TRIAL,criminalConcludedBy
C,C,SENTENCE IS TO RUN CONCURRENTLY WITH ANOTHER,criminalConcurrentlyConsecutively
C,S,SENTENCE IS RUN CONSECUTIVELY WITH ANOTHER,criminalConcurrentlyConsecutively
C,R,PROBATION TO BEGIN UPON RELEASE,criminalConfSen
C,S,PROBATION TO BEGIN UPON SENTENCING,criminalConfSen
C,0,UNKNOWN,criminalDefendantMilitary
C,1,ARMY,criminalDefendantMilitary
C,2,NAVY,criminalDefendantMilitary
C,3,AIR FORCE,criminalDefendantMilitary
C,4,MARINES,criminalDefendantMilitary
C,5,COAST GUARD,criminalDefendantMilitary
C,6,NATIONAL GUARD,criminalDefendantMilitary
C,N,NO,criminalDefendantMilitary
C,A,ADULT,criminalDefendantStatus
C,B,BAIL,criminalDefendantStatus
C,C,CUSTODY,criminalDefendantStatus
C,F,FUGITIVE,criminalDefendantStatus
C,M,MINOR,criminalDefendantStatus
C,O,OTHER,criminalDefendantStatus
C,R,MENTAL HEALTH REVIEW,criminalDefendantStatus
C,S,SUMMONS,criminalDefendantStatus
C,AW,APPEAL WITHDRAWN,criminalDisposition
C,D,DISMISSED,criminalDisposition
C,G,GUILTY,criminalDisposition
C,M,MISTRIAL,criminalDisposition
C,NG,NOT GUILTY/ACQUITTED,criminalDisposition
C,NGIN,NOT GUILTY BY REASON OF INSANITY,criminalDisposition
C,NIP,NO INDICTMENT PRESENTED,criminalDisposition
C,NP,NOLLE PROSEQUI,criminalDisposition
C,NTB,NOT TRUE BILL,criminalDisposition
C,REM,REMANDED,criminalDisposition
C,RES,RESOLVED,criminalDisposition
C,REV,SENTENCE/PROBATION REVOKED,criminalDisposition
C,AF,ALFORD,criminalHearingPleaCode
C,G,GUILTY,criminalHearingPleaCode
C,NC,NOLO CONTENDERE,criminalHearingPleaCode
C,NG,NOT GUILTY,criminalHearingPleaCode
C,TA,TRIED IN ABSENTIA,criminalHearingPleaCode
C,AUTO,AUTOMATIC/PROGRAMMATIC END TO THE HEARING,criminalHearingResult
C,AW,APPEAL WITHDRAWN,criminalHearingResult
C,BD,BOND DENIED,criminalHearingResult
C,BF,BOND FORFEITED,criminalHearingResult
C,BFD,BOND FORFEITURE DOCKETED,criminalHearingResult
C,BFP,BOND FORFEITURE PAID,criminalHearingResult
C,BG,BOND GRANTED,criminalHearingResult
C,BNF,BOND NOT FORFEITED,criminalHearingResult
C,BNR,BOND NOT REVOKED,criminalHearingResult
C,BR,BOND REVOKED,criminalHearingResult
C,BW,BENCH WARRANT ISSUED,criminalHearingResult
C,BWW,BENCH WARRANT - WITHDRAWN,criminalHearingResult
C,BWX,BENCH WARRANT - DEFENDANT ARRESTED,criminalHearingResult
C,C,CONTINUED,criminalHearingResult
C,CAP,CAPIAS ISSUED,criminalHearingResult
C,CAPW,CAPIAS WITHDRAWN,criminalHearingResult
C,CAPX,CAPIAS-DEFENDANT ARRESTED,criminalHearingResult
C,CD,CONTINUED MOTION OF DEFENSE,criminalHearingResult
C,CD1,DEFENDANT UNAVAILABLE,criminalHearingResult
C,CD1X,"DEFENDANT UNAVAILABLE, OBJECTION NOTED",criminalHearingResult
C,CD2,DEFENDANT ATTORNEY UNAVAILABLE,criminalHearingResult
C,CD2X,"DEFENDANT ATTORNEY UNAVAILABLE, OBJECTION NOTED",criminalHearingResult
C,CD3,DEF. ATTORNEY UNAVAILABLE (TITLE 30.5),criminalHearingResult
C,CD3X,"DEF. ATTORNEY UNAVAILABLE (TITLE 30.5), OBJECTION NOTED",criminalHearingResult
C,CD4,DEF. ATTORNEY NOT PREPARED,criminalHearingResult
C,CD4X,"DEF. ATTORNEY NOT PREPARED, OBJECTION NOTED",criminalHearingResult
C,CD5,DEF. WITNESS NOT AVAILABLE,criminalHearingResult
C,CD5X,"DEF. WITNESS NOT AVAILABLE, OBJECTION NOTED",criminalHearingResult
C,CD6,DEF. NEEDS/CHANGES ATTORNEY,criminalHearingResult
C,CD6X,"DEF. NEEDS/CHANGES ATTORNEY, OBJECTION NOTED",criminalHearingResult
C,CD7,DEF. REQUESTS JURY TRIAL,criminalHearingResult
C,CD7X,"DEF. REQUESTS JURY TRIAL, OBJECTION NOTED",criminalHearingResult
C,CD8,DEF. NEEDS TIME TO PAY FINE/RESTITUTION,criminalHearingResult
C,CD8X,"DEF. NEEDS TIME TO PAY FINE/RESTITUTION, OBJECTION NOTED",criminalHearingResult
C,CD9,DEF. NEEDS TIME TO COMPLETE REHAB.,criminalHearingResult
C,CD9X,"DEF. NEEDS TIME TO COMPLETE REHAB., OBJECTION NOTED",criminalHearingResult
C,CDA,REQUIRED JUDGE UNAVAILABLE - DEFENSE MOTION,criminalHearingResult
C,CDAX,"REQUIRED JUDGE UNAVAILABLE, OBJECTION NOTED",criminalHearingResult
C,CDB,CONSOLIDATION OF TRIAL DATES/CHARGES - DEFENSE MOTION,criminalHearingResult
C,CDBX,"CONSOLIDATION OF TRIAL DATES/CHARGES, OBJECTION NOTED",criminalHearingResult
C,CDC,NEGOTIATE/REJECT PLEA AGREEMENT - DEFENSE MOTION,criminalHearingResult
C,CDCX,"NEGOTIATE/REJECT PLEA AGREEMENT, OBJECTION NOTED",criminalHearingResult
C,CDX,"CONTINUED MOTION OF DEFENSE, OBJECTION NOTED",criminalHearingResult
C,CG,CONTINUED GENERALLY,criminalHearingResult
C,CJ,CONTINUED MOTION OF JUDGE,criminalHearingResult
C,CJT,COMMONWEALTH REQUESTS JURY TRIAL,criminalHearingResult
C,CO,CARRIED OVER,criminalHearingResult
C,CO1,REQUIRED JUDGE UNAVAILABLE,criminalHearingResult
C,CO2,CONSOLIDATION OF TRIAL DATES/CHARGES,criminalHearingResult
C,CO3,NEGOTIATE/REJECT PLEA AGREEMENT,criminalHearingResult
C,CO4,IMPROPER SCHEDULING,criminalHearingResult
C,CO5,CDI NOT PREPARED,criminalHearingResult
C,CO6,PSR NOT PREPARED,criminalHearingResult
C,COC,CARRIED OVER ON REQ. OF COMM. ATTY,criminalHearingResult
C,COD,CARRIED OVER ON REQUEST OF DEF.,criminalHearingResult
C,CONV,CONVICTION,criminalHearingResult
C,CP,CONTINUED MOTION OF PROSEC. ATTY,criminalHearingResult
C,CP2,PROSECUTING ATTORNEY UNAVAILABLE,criminalHearingResult
C,CP2X,"PROSECUTING ATTORNEY UNAVAILABLE, OBJECTION NOTED",criminalHearingResult
C,CP4,PROSECUTING ATTORNEY NOT PREPARED,criminalHearingResult
C,CP4X,"PROSECUTING ATTORNEY NOT PREPARED, OBJECTION NOTED",criminalHearingResult
C,CP5,PROSECUTION WITNESS UNAVAILABLE,criminalHearingResult
C,CP5X,"PROSECUTION WITNESS UNAVAILABLE, OBJECTION NOTED",criminalHearingResult
C,CP6,REQUIRED JUDGE UNAVAILABLE - PROSECUTION MOTION,criminalHearingResult
C,CP6X,"REQUIRED JUDGE UNAVAILABLE, OBJECTION NOTED",criminalHearingResult
C,CP7,CONSOLIDATION OF TRIAL DATES/CHARGES - PROSECUTION MOTION,criminalHearingResult
C,CP7X,"CONSOLIDATION OF TRIAL DATES/CHARGES, OBJECTION NOTED",criminalHearingResult
C,CP8,NEGOTIATE/REJECT PLEA AGREEMENT - PROSECUTION MOTION,criminalHearingResult
C,CP8X,"NEGOTIATE/REJECT PLEA AGREEMENT, OBJECTION NOTED",criminalHearingResult
C,CP9,TRANSPORTATION ORDER NOT PREPARED,criminalHearingResult
C,CP9X,"TRANSPORTATION ORDER NOT PREPARED, OBJECTION NOTED",criminalHearingResult
C,CPX,"CONTINUED MOTION OF PROSEC. ATTY, OBJECTION NOTED",criminalHearingResult
C,D,DENIED,criminalHearingResult
C,DC,ORDERED INTO DRUG COURT,criminalHearingResult
C,DC1,"DRUG COURT, CONTINUED IN PROGRAM SUBJECT TO SAME TERMS AND CONDITIONS",criminalHearingResult
C,DC10,"DRUG COURT, COMPLETED PROGRAM",criminalHearingResult
C,DC11,"DRUG COURT, CONTINUED IN PROGRAM; INPATIENT TREATMENT (PO TO NOTIFY CLERK OF NEXT DRUG COURT REPORTING DATE)",criminalHearingResult
C,DC12,No description,criminalHearingResult
C,DC13,No description,criminalHearingResult
C,DC14,No description,criminalHearingResult
C,DC15,No description,criminalHearingResult
C,DC16,No description,criminalHearingResult
C,DC17,No description,criminalHearingResult
C,DC18,No description,criminalHearingResult
C,DC19,No description,criminalHearingResult
C,DC2,"DRUG COURT, CONTINUED IN PROGRAM; INCREASE COUNSELING",criminalHearingResult
C,DC20,No description,criminalHearingResult
C,DC3,"DRUG COURT, CONTINUED IN PROGRAM; INCREASE EDUCATION/VOCATIONAL TRAINING",criminalHearingResult
C,DC4,"DRUG COURT, CONTINUED IN PROGRAM; SECURE EMPLOYMENT",criminalHearingResult
C,DC5,"DRUG COURT, CONTINUED IN PROGRAM; SANCTION-COMMUNITY SERVICE",criminalHearingResult
C,DC6,"DRUG COURT, CONTINUED IN PROGRAM; SANCTION-ATTEND DRUG COURT SESSIONS",criminalHearingResult
C,DC7,"DRUG COURT, CONTINUED IN PROGRAM; SANCTION-JAIL TIME",criminalHearingResult
C,DC8,"DRUG COURT, REVOCATION HEARING TO BE SET OR ALREADY SET",criminalHearingResult
C,DC9,"DRUG COURT, TERMINATED FROM PROGRAM",criminalHearingResult
C,DCX,DRUG COURT TERMINATED,criminalHearingResult
C,DD,DEFERRED DISPOSITION (FIRST OFFENDER CHARGE),criminalHearingResult
C,DDX,DEFERRED DISP. TERMINATED,criminalHearingResult
C,DIA,DISPOSED OF IN ADVANCED,criminalHearingResult
C,DIS,DISMISSED,criminalHearingResult
C,DS,REFERRED TO DRIVING SCHOOL,criminalHearingResult
C,ENC,EVALUATION BY DOC NOT COMPLETE,criminalHearingResult
C,G,GRANTED,criminalHearingResult
C,GM,GRANTED AS MODIFIED,criminalHearingResult
C,GP,GUILTY PLEA,criminalHearingResult
C,JE,JUDGMENT ENTERED (FINES & COSTS),criminalHearingResult
C,JT,JOINT MOTION,criminalHearingResult
C,M,MISTRIAL,criminalHearingResult
C,MEP,MENTAL EXAM PENDING,criminalHearingResult
C,MERG,MERGING CHARGES/CASES,criminalHearingResult
C,MHR,MENTAL HEALTH REVIEW,criminalHearingResult
C,MHRX,MENTAL HEALTH REVIEW-TERMINATED,criminalHearingResult
C,NA,NO APPEARANCE,criminalHearingResult
C,NF,NOT FOUND,criminalHearingResult
C,NG,NOT GUILTY,criminalHearingResult
C,NGIN,NOT GUILTY BY REASON OF INSANITY,criminalHearingResult
C,NIP,NO INDICTMENT PRESENTED,criminalHearingResult
C,NIPC,NO INDICTMENT PRESENTED CONTINUED,criminalHearingResult
C,NP,NOLLE PROSEQUI,criminalHearingResult
C,NSET,NOT SET,criminalHearingResult
C,NTB,NOT TRUE BILL,criminalHearingResult
C,PD,PROCEEDINGS DEFERRED,criminalHearingResult
C,PSO,PRESENTENCE ORDERED,criminalHearingResult
C,R,RESOLVED,criminalHearingResult
C,REM,REMANDED,criminalHearingResult
C,REV,REVOKED - SENTENCE/PROBATION,criminalHearingResult
C,ROP,RESOLVED ORDER PENDING,criminalHearingResult
C,RRX,REVIEW RESTITUTION TERMINATED,criminalHearingResult
C,SC,SHOW CAUSE ISSUED,criminalHearingResult
C,SCD,SHOW CAUSE DISMISSED,criminalHearingResult
C,SENT,SENTENCED,criminalHearingResult
C,SET,SET FOR TRIAL,criminalHearingResult
C,STET,STET PROCESS DOCKET - INACTIVE,criminalHearingResult
C,SUM,SUMMONS ISSUED,criminalHearingResult
C,TB,TRUE BILL,criminalHearingResult
C,TBC,TRUE BILL - CAPIAS ISSUED,criminalHearingResult
C,TBCW,TRUE BILL CAPIAS WITHDRAWN,criminalHearingResult
C,TBCX,TRUE BILL - DEF. ARRESTED ON CAPIAS,criminalHearingResult
C,TBM,TRUE BILL - REDUCED TO MISDEMEANOR,criminalHearingResult
C,TBMN,TRUE BILL MISDEMENOR NOT SET,criminalHearingResult
C,TBMS,TRUE BILL MISDEMENOR SET,criminalHearingResult
C,TBNT,TRUE BILL - CASE HAS NOT BEEN SET,criminalHearingResult
C,TBST,TRUE BILL -- CASE HAS BEEN SET,criminalHearingResult
C,TRAN,TRANSFERRED,criminalHearingResult
C,TRYD,TRIED,criminalHearingResult
C,UA,UNDER ADVISEMENT,criminalHearingResult
C,UAX,NO LONGER UNDER ADVISEMENT,criminalHearingResult
C,WD,WITHDRAWN,criminalHearingResult
C,AC,APPOINT COUNSEL,criminalHearingType
C,ADAT,ADVISE ABOUT ATTORNEY ARRANGEMENTS,criminalHearingType
C,ARR,ARRAIGNMENT,criminalHearingType
C,ASAP,ASAP,criminalHearingType
C,BILL,BILL OF PARTICULARS,criminalHearingType
C,BOND,BOND,criminalHearingType
C,BOOT,BOOT CAMP,criminalHearingType
C,BSC,BONDSMAN SHOW CAUSE,criminalHearingType
C,C,CONTINUE,criminalHearingType
C,CAP,CAPIAS,criminalHearingType
C,CC,COURT COSTS,criminalHearingType
C,CCS,COMMUNITY CORRECTIONAL SERVICES,criminalHearingType
C,CDI,COMMUNITY DIVERSION INCENTIVE,criminalHearingType
C,COMP,COMPEL,criminalHearingType
C,CT,CONTEMPT,criminalHearingType
C,DA,DEFENDANT ADJUDICATION,criminalHearingType
C,DC,DRUG COURT,criminalHearingType
C,DCIP,DETENTION CENTER INCARC. PROGRAM,criminalHearingType
C,DD,DEFERRED DISPOSITION,criminalHearingType
C,DISC,DISCOVERY,criminalHearingType
C,DSR,DRIVING SCHOOL RETURN,criminalHearingType
C,FC,FIREARMS CERTIFICATION,criminalHearingType
C,FD,FURTHER DISPOSITION,criminalHearingType
C,GJ,GRAND JURY,criminalHearingType
C,HEAR,HEARING,criminalHearingType
C,HIP,HOME INCARCERATION PROGRAM,criminalHearingType
C,IREV,IMMEDIATE SANCTIONS REVOCATION,criminalHearingType
C,JSC,JUROR SHOW CAUSE,criminalHearingType
C,JURY,JURY TRIAL,criminalHearingType
C,LIM,LIMINE,criminalHearingType
C,LIQ,LIQUIDATED DAMAGES,criminalHearingType
C,MBF,MOTION FOR BOND FORFEITURE,criminalHearingType
C,MCRS,MOTION BY COMMONWEALTH TO REDUCE SENTENCE,criminalHearingType
C,MENT,MENTAL EXAMINATION,criminalHearingType
C,MOD,MODIFY SENTENCE,criminalHearingType
C,MOPT,MOTION - OTHER POST-TRIAL,criminalHearingType
C,MOT,MOTION - OTHER PRE-TRIAL,criminalHearingType
C,MOT2,MOTIONS - FILED BY BOTH PARTIES,criminalHearingType
C,NEWT,NEW TRIAL,criminalHearingType
C,PLEA,PLEA,criminalHearingType
C,PLSN,PLEA AND SENTENCING,criminalHearingType
C,PP,PAYMENT PLAN,criminalHearingType
C,PREP,PROBATION REPORTING,criminalHearingType
C,PTER,PROBATION TERMINATION,criminalHearingType
C,PTYL,PRE-TRIAL,criminalHearingType
C,PXTN,PROBATION EXTENSION,criminalHearingType
C,Q,QUASH,criminalHearingType
C,RE,REVIEW,criminalHearingType
C,REV,REVOCATION,criminalHearingType
C,ROL,RESTRICTED O.L.,criminalHearingType
C,RR,REVIEW RESTITUTION,criminalHearingType
C,SC,SHOW CAUSE,criminalHearingType
C,SENR,PRE-SENTENCE REPORT,criminalHearingType
C,SENT,SENTENCING,criminalHearingType
C,STAT,STATUS HEARING,criminalHearingType
C,STET,STET PROCESSES DOCKET,criminalHearingType
C,SUM,SUMMONS,criminalHearingType
C,SUP,SUPPRESS,criminalHearingType
C,SVA,SET VERDICT ASIDE,criminalHearingType
C,TBS,TO BE SET,criminalHearingType
C,TERM,TERM,criminalHearingType
C,TR,TRANSFER JURISDICTION/VENUE,criminalHearingType
C,TRYL,TRIAL,criminalHearingType
C,UA,UNDER ADVISEMENT,criminalHearingType
C,WC,WITHDRAW COUNSEL,criminalHearingType
C,WEEK,WEEKEND PROGRAM,criminalHearingType
C,WSC,WITNESS SHOW CAUSE,criminalHearingType
C,YOP,YOUTHFUL OFFENDERS PROGRAM,criminalHearingType
C,J,JAIL,criminalJailPen
C,P,PENITENTIARY,criminalJailPen
C,T,TIME SERVED,criminalJailPen
C,D,DEATH PENALTY,criminalLifeDeath
C,L,LIFE SENTENCE,criminalLifeDeath
C,0TH,OTHER,criminalNoticeType
C,AAC,AMENDED ABSTRACT OF CONVICTION,criminalNoticeType
C,AC,ABSTRACT OF CONVICTION,criminalNoticeType
C,AJ,ABSTRACT OF JUDGMENT,criminalNoticeType
C,APPL,APPEAL NOTICE,criminalNoticeType
C,BW,BENCH WARRANT,criminalNoticeType
C,CAOP,No description,criminalNoticeType
C,CAP,CAPIAS,criminalNoticeType
C,CN,CONDEMNATION NOTICE,criminalNoticeType
C,CPO,COMMONWEALTH PRODUCE ONLY,criminalNoticeType
C,CPT,COMMONWEALTH PRODUCE/TESTIFY,criminalNoticeType
C,CW,COMMONWEALTH WITNESS,criminalNoticeType
C,D,No description,criminalNoticeType
C,DPO,DEFENDANT PRODUCE ONLY,criminalNoticeType
C,DPT,DEFENDANT PRODUCE AND TESTIFY,criminalNoticeType
C,DV,No description,criminalNoticeType
C,DW,DEFENDANT WITNESS,criminalNoticeType
C,F,PROTECTIVE ORDER - FINAL,criminalNoticeType
C,GARN,GARNISHMENT,criminalNoticeType
C,GJ,GRAND JURY,criminalNoticeType
C,HO,HABITUAL OFFENDER,criminalNoticeType
C,INTR,INTERROGATORIES,criminalNoticeType
C,JW,JUVENILE WITNESS,criminalNoticeType
C,LPO,LOCALITY PRODUCE ONLY,criminalNoticeType
C,LPT,LOCALITY PRODUCE AND TESTIFY,criminalNoticeType
C,LW,LOCALITY WITNESS,criminalNoticeType
C,M,SUBSTANTIAL RISK ORDER - EMERGENCY,criminalNoticeType
C,MJA,No description,criminalNoticeType
C,NOT,NOTICE,criminalNoticeType
C,NS,NO SERVICE,criminalNoticeType
C,O,ORDER,criminalNoticeType
C,OT,No description,criminalNoticeType
C,OTH,OTHER,criminalNoticeType
C,OW,No description,criminalNoticeType
C,PD,PRODUCTION OF DOCUMENTS,criminalNoticeType
C,PET,PETITION,criminalNoticeType
C,R,PROTECTIVE ORDER - PRELIMINARY,criminalNoticeType
C,RA,REQUEST FOR ADMISSION,criminalNoticeType
C,RULE,RULE,criminalNoticeType
C,S,SUBSTANTIAL RISK ORDER,criminalNoticeType
C,SC,SHOW CAUSE,criminalNoticeType
C,TOH,No description,criminalNoticeType
C,V,PROTECTIVE ORDER - ACT OF VIOLENCE CONVICTION,criminalNoticeType
C,W,No description,criminalNoticeType
C,WC,WRIT OF CERTIORARI,criminalNoticeType
C,WM,WRIT OF MANDAMUS,criminalNoticeType
C,WVE,WRIT OF VENDITIONI EXPONAST,criminalNoticeType
C,WW,No description,criminalNoticeType
C,X,No description,criminalNoticeType
C,0,NO RESTRICTED LICENSE ISSUED,criminalOLRestrictions
C,A/1,LICENSE IS RESTRICTED TO USE TO AND FROM WORK,criminalOLRestrictions
C,B/2,LICENSE IS RESTRICTED TO USE TO AND FROM VASAP MEETINGS,criminalOLRestrictions
C,C/3,LICENSE IS RESTRICTED TO USE DURING WORKING HOURS,criminalOLRestrictions
C,D/4,LICENSE IS RESTRICTED TO USE TO AND FROM SCHOOL,criminalOLRestrictions
C,E/5,LICENSE IS RESTRICTED TO USE FOR MEDICALLY NECESSARY TRAVEL,criminalOLRestrictions
C,F/6,IGNITION INTERLOCK DEVICE,criminalOLRestrictions
C,G/7,TRANSPORT MINOR CHILD,criminalOLRestrictions
C,H/8,COURT ORDERED VISITATION,criminalOLRestrictions
C,I/9,TO AND FROM COURT ORDERED FACILITY,criminalOLRestrictions
C,J,TO AND FROM RELIGIOUS WORSHIP,criminalOLRestrictions
C,K,TO AND FROM CHILD SUPPORT PROGRAM APPTS,criminalOLRestrictions
C,M,TRAVEL TO AND FROM JAIL WHEN DEFENDANT IS ON WORK RELEASE,criminalOLRestrictions
C,N,TO AND FROM JOB INTERVIEW WITH WRITTEN PROOF,criminalOLRestrictions
C,Q,TO AND FROM THE OFFICES OF THE VIRGINIA EMPLOYMENT COMMISSION FOR THE PURPOSE OF SEEKING EMPLOYMENT,criminalOLRestrictions
C,0,LICENSE WAS NOT SURRENDERED,criminalOlSurrendered
C,1,LICENSE WAS SURRENDERED TO THE COURT AND WILL BE FORWARDED TO DMV,criminalOlSurrendered
C,2,LICENSE WAS SURRENDERED AND WILL BE HELD BY THE COURT,criminalOlSurrendered
C,S,OPERATORS LICENSE SUSPENSION TIME IS SUSPENDED,criminalOlSurrendered
C,I,INDEFINITE SUPERVISION,criminalProbationType
C,S,SUPERVISED,criminalProbationType
C,U,UNSUPERVISED,criminalProbationType
C,ALCO,ALCOHOL PROGRAM (OTHER THAN ASAP),criminalProgramType
C,ANGR,ANGER MANAGEMENT,criminalProgramType
C,ASAP,ALCOHOL SAFETY ACTION PROGRAM,criminalProgramType
C,BATT,BATTERER'S INTERVENTION GROUP,criminalProgramType
C,BOOT,SENTENCED TO BOOT CAMP,criminalProgramType
C,CCAP,COMMUNITY CORRECTIONS ALTERNATIVE PROGRAM,criminalProgramType
C,CCP,COMMUNITY CORRECTIONS PROGRAM,criminalProgramType
C,CCS,COMMUNITY CORRECTIONS SERVICES,criminalProgramType
C,CDI,COMMUNITY DIVERSION INCENTIVE,criminalProgramType
C,CS,COMMUNITY SERVICE,criminalProgramType
C,DC,DRUG COURT,criminalProgramType
C,DCIP,DETENTION CENTER INCARCERATION,criminalProgramType
C,DIC1,DEFENDANT TO ATTEND DRIVER IMPROVEMENT CLINIC - DMV TO ASSIGN,criminalProgramType
C,DIC2,DEFENDANT TO ATTEND DRIVER IMPROVEMENT CLINIC - COURT TO ASSIGN,criminalProgramType
C,DIVC,DIVERSION CENTER,criminalProgramType
C,DRC,DAY REPORTING CENTER,criminalProgramType
C,DRUG,DRUG PROGRAM,criminalProgramType
C,DTT,DUAL TREATMENT TRACK,criminalProgramType
C,HIP,HOME INCARCERATION PROGRAM,criminalProgramType
C,IS,IMMEDIATE SANCTIONS,criminalProgramType
C,MDCP,MATURE DRIVER CRASH PREVENTION COURSE,criminalProgramType
C,MH,MENTAL HEALTH,criminalProgramType
C,MRT,MORAL RECOGNITION THERAPY,criminalProgramType
C,OTH,OTHER,criminalProgramType
C,PTS,PRE-TRIAL SERVICES,criminalProgramType
C,SHOP,SHOPLIFTERS GROUP,criminalProgramType
C,VASAPN,VIRGINIA ALCOHOL SAFETY ACTION PROGRAM NO,criminalProgramType
C,VASAPW,VIRGINIA ALCOHOL SAFETY ACTION PROGRAM WAIVED,criminalProgramType
C,VASAPY,VIRGINIA ALCOHOL SAFETY ACTION PROGRAM YES,criminalProgramType
C,WK,WEEKENDS,criminalProgramType
C,WKWD,WEEKEND WORK DETAIL,criminalProgramType
C,WR,WORK RELEASE,criminalProgramType
C,YOP,YOUTHFUL OFFENDERS PROGRAM,criminalProgramType
C,AO,No description,howServed
C,BU,BUSINESS,howServed
C,CN,CANCELLED,howServed
C,CS,CERTIFICATE OF SERVICE,howServed
C,FM,FAMILY MEMBER,howServed
C,IP,IN PERSON/NOTIFIED IN COURT,howServed
C,MA,MAILED,howServed
C,NF,NOT FOUND,howServed
C,NS,NOT SERVED,howServed
C,NT,NOTIFIED BY TELEPHONE,howServed
C,OP,ORDER OF PUBLICATION,howServed
C,PO,POSTED,howServed
C,RA,REGISTERED AGENT,howServed
C,XX,NO SERVICE REQUESTED,howServed
C,2YRN,TWO YEAR RULE NOTICE,pleadingOrderType
C,A,AFFIDAVIT,pleadingOrderType
C,ABSC,ABSTRACT OF CONVICTION,pleadingOrderType
C,ACSL,APPOINTMENT OF COUNSEL,pleadingOrderType
C,ADD,ADDENDUM,pleadingOrderType
C,AG,ANSWER & GROUNDS,pleadingOrderType
C,AGAL,GUARDIAN AD LITEM - APPOINTMENT,pleadingOrderType
C,AIN,No description,pleadingOrderType
C,ALOW,LIST OF ALLOWANCES,pleadingOrderType
C,AMEND,AMENDMENT,pleadingOrderType
C,ANCC,ANSWER AND COUNTERCLAIM,pleadingOrderType
C,ANDM,ANSWER AND DEMURRER,pleadingOrderType
C,ANS,ANSWER,pleadingOrderType
C,ANSP,ANSWER AND SPECIAL PLEA,pleadingOrderType
C,AP,ABSOLUTE PARDON,pleadingOrderType
C,APLW,MOTION TO WITHDRAW FROM APPEAL,pleadingOrderType
C,APPC,APPEAL SUBMITTED/RECEIVED CONFIRMATION,pleadingOrderType
C,APPL,APPEAL NOTICE,pleadingOrderType
C,ASAP,ALCOHOL SAFETY ACTION PROGRAM,pleadingOrderType
C,AVCPO,PROTECTIVE ORDER - ACT OF VIOLENCE CONVICTION,pleadingOrderType
C,BCA,AMENDED BILL OF COMPLAINT,pleadingOrderType
C,BILL,BILL OF PARTICULARS,pleadingOrderType
C,BNDO,BOND ORDER,pleadingOrderType
C,BOND,BOND,pleadingOrderType
C,BRIEF,BRIEF,pleadingOrderType
C,CAP,CAPIAS,pleadingOrderType
C,CAPO,CAPIAS ORDER,pleadingOrderType
C,CAPX,CAPIAS RETURN,pleadingOrderType
C,CAVO,COURT OF APPEALS OF VA ORDERS,pleadingOrderType
C,CC,COUNTER CLAIM,pleadingOrderType
C,CCP,COMMUNITY CORRECTIONS ORDER,pleadingOrderType
C,CCRE,CCRE (number only),pleadingOrderType
C,CERT,CERTIFICATE,pleadingOrderType
C,CHPA,CONCEALED HANDGUN PERMIT - APPLICATION,pleadingOrderType
C,CHPO,CONCEALED HANDGUN PERMIT - ORDER,pleadingOrderType
C,CINP,CERTIFICATE OF INCARCERATION PERIOD,pleadingOrderType
C,CMA,AMENDED COMPLAINT,pleadingOrderType
C,CMER,COMMISSIONER EVALUATION & RECORD,pleadingOrderType
C,CMP,COMPLAINT,pleadingOrderType
C,CMRPT,COMMISSIONER'S REPORT,pleadingOrderType
C,CMTO,COMMITMENT ORDER,pleadingOrderType
C,CNTO,CONTINUANCE ORDER,pleadingOrderType
C,CONO,CONSENT ORDER,pleadingOrderType
C,CONS,CONSOLIDATION ORDER,pleadingOrderType
C,CONV,CONVICTION ORDER,pleadingOrderType
C,CSGW,CHILD SUPPORT GUIDELINES WORKSHEET,pleadingOrderType
C,CTA,CERTIFICATE OF ANALYSIS,pleadingOrderType
C,CTAR,CERTIFICATE OF ANALYSIS - REQUEST,pleadingOrderType
C,CWS,CLERK'S WORKSHEET,pleadingOrderType
C,D,DECREE,pleadingOrderType
C,DC,DECREE OF CONFIRMATION,pleadingOrderType
C,DC40,DC40 - LIST OF ALLOWANCES,pleadingOrderType
C,DC533,DC-533 ASSESSMENT/PAYMENT ORDER,pleadingOrderType
C,DD,DECREE ON DEPOSITIONS,pleadingOrderType
C,DDIS,DEFERRED DISPOSITION,pleadingOrderType
C,DEM,DEMURRER,pleadingOrderType
C,DEP,DEPOSITION,pleadingOrderType
C,DESG,DESIGNATION,pleadingOrderType
C,DIND,DIRECT INDICTMENTS,pleadingOrderType
C,DIO,DISCOVERY/INSPECTION ORDER,pleadingOrderType
C,DISC,DISCOVERY,pleadingOrderType
C,DJ,DEFAULT JUDGMENT (EX PARTE PROOF),pleadingOrderType
C,DJA,DEFAULT JUDGMENT (AFFIDAVIT),pleadingOrderType
C,DJO,DESIGNATION OF SETTLEMENT CONFERENCE JUDGE,pleadingOrderType
C,DMET,DECREE A MENSA ET THORO,pleadingOrderType
C,DMSP,DEMURRER AND SPECIAL PLEA,pleadingOrderType
C,DNA,DNA ORDER,pleadingOrderType
C,DOP,DISMISSAL ORDER WITH PREJUDICE,pleadingOrderType
C,DOWP,DISMISSAL ORDER WITHOUT PREJUDICE,pleadingOrderType
C,DP,DOCUMENTS PRODUCED,pleadingOrderType
C,DR,DECREE OF REFERENCE,pleadingOrderType
C,DRFO,DRAFT ORDER,pleadingOrderType
C,DS,DECREE OF SALE,pleadingOrderType
C,DSG,DESIGNATION OF EXPERTS,pleadingOrderType
C,DSPA,"DEMURRER, SPECIAL PLEA, AND ANSWER",pleadingOrderType
C,DSQO,DISQUALIFICATION ORDER,pleadingOrderType
C,EMOT,EMERGENCY MOTION,pleadingOrderType
C,EPDO,No description,pleadingOrderType
C,EPO,PROTECTIVE ORDER - EMERGENCY,pleadingOrderType
C,ESRO,SUBSTANTIAL RISK ORDER - EMERGENCY,pleadingOrderType
C,EVAL,EVALUATION REPORT,pleadingOrderType
C,EVLO,EVALUATION ORDER,pleadingOrderType
C,EXB,EXHIBIT LIST,pleadingOrderType
C,EXH,EXHIBITS,pleadingOrderType
C,EXHP,EXHIBITS TO A PLEADING,pleadingOrderType
C,FC,FIREARMS CERTIFICATION [DC-649 OR CC-1395(A)],pleadingOrderType
C,FCSCO,FIREARMS CERTIFICATION SHOW CAUSE ORDER [DC-649 OR CC-1395(A)],pleadingOrderType
C,FD,FINAL DECREE,pleadingOrderType
C,FDCR,FINAL DECREE - COMMISSIONER'S RECOM.,pleadingOrderType
C,FDL,FORFEIT DRIVER'S LICENSE - DRUG VIOLATION,pleadingOrderType
C,FFCL,FINDINGS OF FACT AND CONCLUSIONS OF LAW,pleadingOrderType
C,FO,FINAL ORDER,pleadingOrderType
C,FPO,PROTECTIVE ORDER - FINAL,pleadingOrderType
C,FTA,FAILURE TO APPEAR,pleadingOrderType
C,FTC,FAIL TO COMPLY,pleadingOrderType
C,G,GROUNDS,pleadingOrderType
C,GALC,GUARDIAN AD LITEM CERTIFICATION (DC-540),pleadingOrderType
C,GARN,GARNISHMENT,pleadingOrderType
C,GD,GROUNDS OF DEFENSE,pleadingOrderType
C,GDCP,GD PAPERWORK,pleadingOrderType
C,GUID,SENTENCING GUIDELINES,pleadingOrderType
C,HS,HOME STUDY,pleadingOrderType
C,ID,No description,pleadingOrderType
C,IND,INDICTMENTS,pleadingOrderType
C,INDA,AMENDED INDICTMENT,pleadingOrderType
C,INFP,IN FORMA PAUPERIS ORDER,pleadingOrderType
C,INIT,INITIAL FILING,pleadingOrderType
C,INJ,INJUNCTION,pleadingOrderType
C,INTLD,INTERLOCUTORY DECREE,pleadingOrderType
C,INTP,INTERPLEADER,pleadingOrderType
C,INTR,INTERROGATORY,pleadingOrderType
C,INTV,INTERVENER,pleadingOrderType
C,IRO,INDICTMENT RETURN ORDER,pleadingOrderType
C,JAIL,JAIL CARD,pleadingOrderType
C,JDRP,JDR PAPERWORK,pleadingOrderType
C,JO,JUDGEMENT ORDER,pleadingOrderType
C,JURI,JURY INSTRUCTIONS,pleadingOrderType
C,JURL,JURY LIST,pleadingOrderType
C,JURV,JURY VERDICT,pleadingOrderType
C,LTR,LETTER,pleadingOrderType
C,MAND,MANDATE,pleadingOrderType
C,MEDR,MEDICAL RECORDS,pleadingOrderType
C,MEMO,MEMORANDUM,pleadingOrderType
C,MHEO,MENTAL HEALTH EXAM ORDER,pleadingOrderType
C,MJA,AMENDED MOTION. FOR JUDGMENT,pleadingOrderType
C,MJDR,MOTION TO TRANSFER CASE TO JDR,pleadingOrderType
C,MOT,MOTION,pleadingOrderType
C,MREC,MOTION FOR RECONSIDERATION,pleadingOrderType
C,MSA,MARITAL SETTLEMENT AGREEMENT,pleadingOrderType
C,ND,NOTICE OF DEPOSITIONS,pleadingOrderType
C,NEWT,NEW TRIAL,pleadingOrderType
C,NH,NOTICE OF HEARING,pleadingOrderType
C,NOT,NOTICE,pleadingOrderType
C,NOTC,CLERKS NOTICES,pleadingOrderType
C,NS,NON SUIT,pleadingOrderType
C,NSP,NON SUIT (PARTIAL),pleadingOrderType
C,NSWOP,NON SUIT WITHOUT PREJUDICE,pleadingOrderType
C,NSWP,NON SUIT WITH PREJUDICE,pleadingOrderType
C,NTMO,NOTICE AND MOTION,pleadingOrderType
C,O,ORDER,pleadingOrderType
C,OATH,OATH,pleadingOrderType
C,OBJ,OBJECTION,pleadingOrderType
C,ODH,ORDER FOR HIV,pleadingOrderType
C,ODPO,PROTECTIVE ORDER - DISSOLUTION ORDER,pleadingOrderType
C,OEP,ORDER TO ENTER INTO PROGRAM,pleadingOrderType
C,OJPT,ORDER APPOINTING JUDGE PRO TEMPORE,pleadingOrderType
C,OL,OPINION LETTER,pleadingOrderType
C,OMTP,ORDER IN MISDEMEANOR OR TRAFFIC INFRACTION PROCEEDING,pleadingOrderType
C,ONC,NAME CHANGE ORDER,pleadingOrderType
C,ONCD,NAME CHANGE PURSUANT TO DIVORCE,pleadingOrderType
C,OPPS,OPPOSITION,pleadingOrderType
C,OPUB,ORDER OF PUBLICATION,pleadingOrderType
C,OREM,ORDER TO REMAND,pleadingOrderType
C,OTH,OTHER,pleadingOrderType
C,PAY,PAYMENT AGREEMENT PLAN,pleadingOrderType
C,PBV,PROBATION VIOLATION,pleadingOrderType
C,PDO,No description,pleadingOrderType
C,PECA,PARENT EDUCATION CERTIFICATE OF ATTENDANCE,pleadingOrderType
C,PEO,PARENT EDUCATION ORDER,pleadingOrderType
C,PESRO,SUBSTANTIAL RISK ORDER - EMERGENCY PETITION,pleadingOrderType
C,PET,PETITION,pleadingOrderType
C,PFJO,PARTIAL FINAL JUDGMENT ORDER,pleadingOrderType
C,PLD,PENDENTE LITE DECREE,pleadingOrderType
C,PLEA,PLEA,pleadingOrderType
C,PPO,PROBATION AND PAROLE ORDER,pleadingOrderType
C,PPUB,PROOF OF PUBLICATION,pleadingOrderType
C,PRAE,PRAECIPE,pleadingOrderType
C,PROT,PROTECTIVE ORDER,pleadingOrderType
C,PRTR,PRETRIAL REPORTS,pleadingOrderType
C,PSA,PROPERTY SETTLEMENT AGREEMENT,pleadingOrderType
C,PSR,PRESENTENCE REPORT,pleadingOrderType
C,QDRO,QUALIFIED DOMESTIC RELATION ORDER,pleadingOrderType
C,RA,REQUEST OF ADMISSION,pleadingOrderType
C,RDM,RESTRICTED DISSEMINATION MATERIAL,pleadingOrderType
C,REIN,REINSTATEMENT ORDER,pleadingOrderType
C,RELO,RELEASE ORDER,pleadingOrderType
C,REQ,REQUEST,pleadingOrderType
C,RESP,RESPONSE,pleadingOrderType
C,RG,REPORT OF GUARDIAN FOR AN INCAPACITATED PERSON CC-1644,pleadingOrderType
C,RI,REPORT OF INVESTIGATION,pleadingOrderType
C,RLO,RESTRICTED LICENSE ORDER,pleadingOrderType
C,RO,REVOCATION ORDER,pleadingOrderType
C,RPLY,REPLY,pleadingOrderType
C,RPO,PROTECTIVE ORDER - PRELIMINARY,pleadingOrderType
C,RPTS,REPORTS,pleadingOrderType
C,RSTO,RESTITUTION ORDER,pleadingOrderType
C,RV,REPORT OF VISITATION,pleadingOrderType
C,RVI,RESTITUTION VICTIM INFORMATION,pleadingOrderType
C,RWI,REQUEST FOR WAIVER OF INTEREST ON FINES AND COSTS,pleadingOrderType
C,SC,SHOW CAUSE - PETITION & ORDER,pleadingOrderType
C,SCB,BOND SHOW CAUSE,pleadingOrderType
C,SCHO,SCHEDULING ORDER,pleadingOrderType
C,SCO,SETTLEMENT CONFERENCE ORDER,pleadingOrderType
C,SCR,SHOW CAUSE RULE,pleadingOrderType
C,SCVO,SUPREME COURT APPEAL ORDERS,pleadingOrderType
C,SDT,SUBPOENA DUCES TECUM,pleadingOrderType
C,SJ,SUMMARY JUDGMENT,pleadingOrderType
C,SO,SENTENCING ORDER,pleadingOrderType
C,SPMD,SPECIAL PLEA AND MOTION TO DISMISS,pleadingOrderType
C,SRO,SUBSTANTIAL RISK ORDER,pleadingOrderType
C,STIP,STIPULATION,pleadingOrderType
C,SUBO,SUBSTITUTION ORDER,pleadingOrderType
C,SUBP,SUBPOENA,pleadingOrderType
C,SUGG,SUGGESTION OF BANKRUPTCY,pleadingOrderType
C,SUM,SUMMONS,pleadingOrderType
C,SUPP,SUPPLEMENT,pleadingOrderType
C,SVC,SERVICE,pleadingOrderType
C,TPM,THIRD PARTY MOTION,pleadingOrderType
C,TR,TRANSFER JURISDICTION/VENUE,pleadingOrderType
C,TRAN,TRANSCRIPT,pleadingOrderType
C,TRANS,TRANSCRIPT,pleadingOrderType
C,TRJDR,TRANSFER TO J&DR COURT,pleadingOrderType
C,TRNO,TRANSPORTATION ORDER,pleadingOrderType
C,VATT,VOUCHER ATTACHMENT(S),pleadingOrderType
C,VD,VOIR DIRE,pleadingOrderType
C,VS,VITAL STATISTICS FORM,pleadingOrderType
C,WAIV,DC40(A) - WAIVER OF FEE CAP,pleadingOrderType
C,WAR,WARRANTS,pleadingOrderType
C,WCO,WITHDRAWAL OF COUNSEL ORDER,pleadingOrderType
C,WHAB,WRIT OF HABEAS,pleadingOrderType
C,WIT,WITNESS LIST,pleadingOrderType
C,WJT,WAIVER OF JURY TRIAL,pleadingOrderType
C,WMAN,WRIT OF MANDAMUS,pleadingOrderType
C,WN,WAIVER OF NOTICE,pleadingOrderType
C,WR,WAIVER OF RIGHTS,pleadingOrderType
C,WRI,WAIVE RIGHT TO INDICTMENT,pleadingOrderType
C,WRIT,WRIT,pleadingOrderType
C,WTSC,WITNESS SHOW CAUSE,pleadingOrderType
C,XBILL,CROSS BILL,pleadingOrderType
C,XCEPT,EXCEPTION,pleadingOrderType
C,XCLM,CROSS-CLAIM,pleadingOrderType
C,ACCO,ACCOMACK COUNTY,servedBy
C,ACPT,ACCEPTANCE,servedBy
C,ALBE,ALBEMARLE COUNTY,servedBy
C,ALEX,ALEXANDRIA CITY,servedBy
C,ALLE,ALLEGHANY COUNTY,servedBy
C,AMEL,AMELIA COUNTY,servedBy
C,AMHE,AMHERST COUNTY,servedBy
C,APPO,APPOMATTOX COUNTY,servedBy
C,ARL,ARLINGTON COUNTY,servedBy
C,ATTY,ATTORNEY,servedBy
C,AUGU,AUGUSTA COUNTY,servedBy
C,BATH,BATH COUNTY,servedBy
C,BEDF,BEDFORD COUNTY,servedBy
C,BLAN,BLAND COUNTY,servedBy
C,BOTE,BOTETOURT COUNTY,servedBy
C,BRIS,BRISTOL CITY,servedBy
C,BRUN,BRUNSWICK COUNTY,servedBy
C,BUCH,BUCHANAN COUNTY,servedBy
C,BUCK,BUCKINGHAM COUNTY,servedBy
C,BUEN,BUENA VISTA CITY,servedBy
C,CAMP,CAMPBELL COUNTY,servedBy
C,CARO,CAROLINE COUNTY,servedBy
C,CARR,CARROLL COUNTY,servedBy
C,CFLD,CHESTERFIELD COUNTY,servedBy
C,CHAR,CHARLOTTESVILLE CITY,servedBy
C,CHAS,CHARLES CITY COUNTY,servedBy
C,CHES,CHESAPEAKE CITY,servedBy
C,CHRL,CHARLOTTE COUNTY,servedBy
C,CLAR,CLARKE COUNTY,servedBy
C,CLIF,CLIFTON FORGE CITY,servedBy
C,CM,CERTIFIED MAIL,servedBy
C,CO,No description,servedBy
C,COLO,COLONIAL HEIGHTS CITY,servedBy
C,CRAI,CRAIG COUNTY,servedBy
C,CS,CERTIFICATE OF SERVICE,servedBy
C,CULP,CULPEPER COUNTY,servedBy
C,CUMB,CUMBERLAND COUNTY,servedBy
C,DANV,DANVILLE CITY,servedBy
C,DICK,DICKENSON COUNTY,servedBy
C,DINW,DINWIDDIE COUNTY,servedBy
C,DMV,DIVISION OF MOTOR VEHICLES,servedBy
C,EMPO,EMPORIA CITY,servedBy
C,ESSE,ESSEX COUNTY,servedBy
C,FAIR,FAIRFAX COUNTY,servedBy
C,FALL,FALLS CHURCH CITY,servedBy
C,FAUQ,FAUQUIER COUNTY,servedBy
C,FBRG,FREDERICKSBURG CITY,servedBy
C,FLOY,FLOYD COUNTY,servedBy
C,FLUV,FLUVANNA COUNTY,servedBy
C,FRAN,FRANKLIN COUNTY,servedBy
C,FRED,FREDERICK COUNTY,servedBy
C,GILE,GILES COUNTY,servedBy
C,GLOU,GLOUCESTER COUNTY,servedBy
C,GOOC,GOOCHLAND COUNTY,servedBy
C,GRAY,GRAYSON COUNTY,servedBy
C,GREN,GREENE COUNTY,servedBy
C,GRNV,GREENSVILLE COUNTY,servedBy
C,HALI,HALIFAX COUNTY,servedBy
C,HAMP,HAMPTON CITY,servedBy
C,HANO,HANOVER COUNTY,servedBy
C,HENR,HENRICO COUNTY,servedBy
C,HIGH,HIGHLAND COUNTY,servedBy
C,HNRY,HENRY COUNTY,servedBy
C,HOPE,HOPEWELL CITY,servedBy
C,ISLE,ISLE OF WIGHT COUNTY,servedBy
C,JAME,JAMES CITY COUNTY,servedBy
C,KG,KING GEORGE COUNTY,servedBy
C,KQ,KING AND QUEEN COUNTY,servedBy
C,KW,KING WILLIAM COUNTY,servedBy
C,LANC,LANCASTER COUNTY,servedBy
C,LEE,LEE COUNTY,servedBy
C,LOUD,LOUDOUN COUNTY,servedBy
C,LOUI,LOUISA COUNTY,servedBy
C,LUNE,LUNENBURG COUNTY,servedBy
C,LYNC,LYNCHBURG CITY,servedBy
C,MADI,MADISON COUNTY,servedBy
C,MAIL,MAILED,servedBy
C,MART,MARTINSVILLE CITY,servedBy
C,MATH,MATHEWS COUNTY,servedBy
C,MECK,MECKLENBURG COUNTY,servedBy
C,MIDD,MIDDLESEX COUNTY,servedBy
C,MONT,MONTGOMERY COUNTY,servedBy
C,NELS,NELSON COUNTY,servedBy
C,NHAM,NORTHAMPTON COUNTY,servedBy
C,NK,NEW KENT COUNTY,servedBy
C,NN,NEWPORT NEWS CITY,servedBy
C,NORF,NORFOLK CITY,servedBy
C,NORT,NORTON CITY,servedBy
C,NOTT,NOTTOWAY COUNTY,servedBy
C,NP,NOTARY PUBLIC,servedBy
C,NUMB,NORTHUMBERLAND COUNTY,servedBy
C,OP,ORDER OF PUBLICATION,servedBy
C,ORNG,ORANGE COUNTY,servedBy
C,OS,OUT OF STATE,servedBy
C,PAGE,PAGE COUNTY,servedBy
C,PATR,PATRICK COUNTY,servedBy
C,PE,PRINCE EDWARD COUNTY,servedBy
C,PETE,PETERSBURG CITY,servedBy
C,PG,PRINCE GEORGE COUNTY,servedBy
C,PITT,PITTSYLVANIA COUNTY,servedBy
C,PLT,PLAINTIFF/COMPLAINANT,servedBy
C,PORT,PORTSMOUTH CITY,servedBy
C,POWH,POWHATAN COUNTY,servedBy
C,PULA,PULASKI COUNTY,servedBy
C,PW,PRINCE WILLIAM COUNTY,servedBy
C,RADF,RADFORD CITY,servedBy
C,RAPP,RAPPAHANNOCK COUNTY,servedBy
C,RHAM,ROCKINGHAM COUNTY,servedBy
C,RICH,RICHMOND CITY,servedBy
C,RICO,RICHMOND COUNTY,servedBy
C,ROAN,ROANOKE CITY,servedBy
C,ROCK,ROCKBRIDGE COUNTY,servedBy
C,ROCO,ROANOKE COUNTY,servedBy
C,RUSS,RUSSELL COUNTY,servedBy
C,SALE,SALEM CITY,servedBy
C,SCC,STATE CORPORATION COMMISSION,servedBy
C,SCOT,SCOTT COUNTY,servedBy
C,SECY,SECRETARY OF THE COMMONWEALTH,servedBy
C,SHAM,SOUTHAMPTON COUNTY,servedBy
C,SHEN,SHENANDOAH COUNTY,servedBy
C,SMYT,SMYTH COUNTY,servedBy
C,SPOT,SPOTSYLVANIA COUNTY,servedBy
C,SPS,SPECIAL PROCESS SERVER,servedBy
C,STAF,STAFFORD COUNTY,servedBy
C,STAU,STAUNTON CITY,servedBy
C,SUFF,SUFFOLK CITY,servedBy
C,SURR,SURRY COUNTY,servedBy
C,SUSS,SUSSEX COUNTY,servedBy
C,TAZE,TAZEWELL COUNTY,servedBy
C,VB,VIRGINIA BEACH CITY,servedBy
C,WARR,WARREN COUNTY,servedBy
C,WASH,WASHINGTON COUNTY,servedBy
C,WAYN,WAYNESBORO CITY,servedBy
C,WEST,WESTMORELAND COUNTY,servedBy
C,WILL,WILLIAMSBURG CITY,servedBy
C,WINC,WINCHESTER CITY,servedBy
C,WISE,WISE COUNTY,servedBy
C,WYTH,WYTHE COUNTY,servedBy
C,YORK,YORK COUNTY,servedBy
C,N,NO,yesNo
C,Y,YES,yesNo
G,CA,CAPIAS,CRIMINAL_CASE_TYPE_CODES
G,CV,CIVIL VIOLATION,CRIMINAL_CASE_TYPE_CODES
G,F,FELONY,CRIMINAL_CASE_TYPE_CODES
G,M,MISDEMEANOR,CRIMINAL_CASE_TYPE_CODES
G,MO,MOTION,CRIMINAL_CASE_TYPE_CODES
G,RL,RESTRICTED OL FOR F/C ONLY,CRIMINAL_CASE_TYPE_CODES
G,SC,SHOW CAUSE,CRIMINAL_CASE_TYPE_CODES
G,A,ADULT (ANIMAL VIOLATIONS),CRIMINAL_DEFENDANT_STATUS
G,B,BAIL,CRIMINAL_DEFENDANT_STATUS
G,C,"CUSTODY (INCL. JAIL, PEN, MENTAL HOSPITAL, MILITARY DETENTION FACILITY, ETC.)",CRIMINAL_DEFENDANT_STATUS
G,F,FUGITIVE,CRIMINAL_DEFENDANT_STATUS
G,M,MINOR (ANIMAL VIOLATIONS),CRIMINAL_DEFENDANT_STATUS
G,O,OTHER,CRIMINAL_DEFENDANT_STATUS
G,R,RELEASED ON RECOGNIZANCE,CRIMINAL_DEFENDANT_STATUS
G,S,RELEASED ON SUMMONS,CRIMINAL_DEFENDANT_STATUS
G,326C,Subpoena For Witness - Behalf Of Commonwealth,CRIMINAL_NOTICE_TYPE
G,326D,Subpoena For Witness - Behalf Of Defendant,CRIMINAL_NOTICE_TYPE
G,326L,Subpoena For Witness - Behalf Of Locality,CRIMINAL_NOTICE_TYPE
G,346C,Notice Of Hearing Date,CRIMINAL_NOTICE_TYPE
G,346L,Notice Of Hearing Date,CRIMINAL_NOTICE_TYPE
G,360,Show Cause Summons,CRIMINAL_NOTICE_TYPE
G,361,Capias - Attachment Of The Body,CRIMINAL_NOTICE_TYPE
G,0,NO RESTRICTED LICENSE ISSUED,DL_RESTRICTION_TYPES
G,A,LICENSE IS RESTRICTED TO USE TO AND FROM WORK,DL_RESTRICTION_TYPES
G,B,LICENSE IS RESTRICTED TO USE TO AND FROM ASAP MEETINGS,DL_RESTRICTION_TYPES
G,C,LICENSE IS RESTRICTED TO USE DURING WORKING HOURS,DL_RESTRICTION_TYPES
G,D,LICENSE IS RESTRICTED TO USE TO AND FROM SCHOOL,DL_RESTRICTION_TYPES
G,E,LICENSE IS RESTRICTED TO USE FOR MEDICALLY NECESSARY TRAVEL,DL_RESTRICTION_TYPES
G,F,"IGNITION INTERLOCK RESTRICTION, TRAVEL TO AND FROM IGNITION INTERLOCK FACILITY FOR MONITORING",DL_RESTRICTION_TYPES
G,G,TRANSPORT MINOR CHILD,DL_RESTRICTION_TYPES
G,H,COURT ORDERED VISITATION,DL_RESTRICTION_TYPES
G,I,TO AND FROM COURT ORDERED FACILITY,DL_RESTRICTION_TYPES
G,J,TRAVEL TO AND FROM A PLACE OF RELIGIOUS WORSHIP,DL_RESTRICTION_TYPES
G,K,TRAVEL TO AND FROM APPOINTMENTS APPROVED BY THE DIVISION OF CHILD SUPPORT ENFORCEMENT,DL_RESTRICTION_TYPES
G,M,TRAVEL TO AND FROM JAIL/WORK RELEASE,DL_RESTRICTION_TYPES
G,N,TRAVEL TO AND FROM JOB INTERVIEW WITH WRITTEN PROOF,DL_RESTRICTION_TYPES
G,Q,LICENSE IS RESTRICTED TO USE TO AND FROM THE OFFICES OF THE VIRGINIA EMPLOYMENT COMMISSION,DL_RESTRICTION_TYPES
G,F,FEMALE,GENDER_CODES
G,M,MALE,GENDER_CODES
G,O,Other,GENDER_CODES
G,CC,Clerk of the State Corporation Commission,HOW_SERVED
G,CO,Registered agent/officer/ director (for corp.),HOW_SERVED
G,FM,Family member,HOW_SERVED
G,GB,Garnishee business,HOW_SERVED
G,GP,General partner (regular & limited partnerships),HOW_SERVED
G,IP,In person,HOW_SERVED
G,MA,Mailed,HOW_SERVED
G,MV,Commissioner of the Division of Motor Vehicles,HOW_SERVED
G,NF,Not found,HOW_SERVED
G,OS,Other service,HOW_SERVED
G,PO,Posted,HOW_SERVED
G,PU,Publication (order),HOW_SERVED
G,SE,Secretary of the Commonwealth,HOW_SERVED
G,XX,Cancelled,HOW_SERVED
G,S,SUPERVISED PROBATION (LOCAL BASED COMMUNITY PROBATION PROGRAM),PROBATION_TYPES
G,U,UNSUPERVISED PROBATION,PROBATION_TYPES
G,R,PROBATION TO START UPON RELEASE FROM CONFINEMENT,PROBATION_UPON
G,S,PROBATION TO START AT SENTENCING,PROBATION_UPON
G,A,ASIAN OR PACIFIC ISLANDER,RACE_CODES
G,B,BLACK,RACE_CODES
G,H,HISPANIC,RACE_CODES
G,I,AMERICAN INDIAN OR ALASKAN NATIVE,RACE_CODES
G,O,"OTHER (INCLUDES NOT APPLICABLE, UNKNOWN)",RACE_CODES
G,U,UNKNOWN,RACE_CODES
G,W,WHITE,RACE_CODES
G,BF,BOND FORFEITED,TC_CASE_DISPOSITION
G,CL,COMPLIED WITH LAW,TC_CASE_DISPOSITION
G,CM,CERTIFIED MISDEMEANOR,TC_CASE_DISPOSITION
G,D,DISMISSED,TC_CASE_DISPOSITION
G,DN,DENIED,TC_CASE_DISPOSITION
G,DO,DISMISSED FOR OTHER REASONS,TC_CASE_DISPOSITION
G,EO,EXTRADITION ORDERED,TC_CASE_DISPOSITION
G,EW,EXTRADITION WAIVED,TC_CASE_DISPOSITION
G,FF,FUGITIVE FILE,TC_CASE_DISPOSITION
G,G,GUILTY,TC_CASE_DISPOSITION
G,GA,GUILTY IN ABSENTIA,TC_CASE_DISPOSITION
G,GJ,CERTIFIED TO GRAND JURY,TC_CASE_DISPOSITION
G,GR,GRANTED,TC_CASE_DISPOSITION
G,HO,ADJUDICATED HABITUAL OFFENDER,TC_CASE_DISPOSITION
G,NF,DEFENDANT CANNOT BE FOUND,TC_CASE_DISPOSITION
G,NG,NOT GUILTY,TC_CASE_DISPOSITION
G,NI,NOT GUILTY - INSANITY,TC_CASE_DISPOSITION
G,NP,NOLLE PROSEQUI,TC_CASE_DISPOSITION
G,O,OTHER,TC_CASE_DISPOSITION
G,PP,PREPAID,TC_CASE_DISPOSITION
G,RC,RECALLED,TC_CASE_DISPOSITION
G,RV,SENTENCE/PROBATION REVOKED,TC_CASE_DISPOSITION
G,TR,TRANSFERRED TO ANOTHER JURIS/COURT,TC_CASE_DISPOSITION
G,1,CLASS 1,TC_CLASS_CODES
G,2,CLASS 2,TC_CLASS_CODES
G,3,CLASS 3,TC_CLASS_CODES
G,4,CLASS 4,TC_CLASS_CODES
G,5,CLASS 5,TC_CLASS_CODES
G,6,CLASS 6,TC_CLASS_CODES
G,C,COMMON LAW,TC_CLASS_CODES
G,O,OTHER,TC_CLASS_CODES
G,U,UNCLASSIFIED,TC_CLASS_CODES
G,ADV,ADVISEMENT,TC_CONTINUANCE_CODES
G,AGR,BY AGREEMENT,TC_CONTINUANCE_CODES
G,ATY,ATTORNEY,TC_CONTINUANCE_CODES
G,BFN,BOND FORFEITURE NOTICE,TC_CONTINUANCE_CODES
G,BW,BENCH WARRANT,TC_CONTINUANCE_CODES
G,CAP,CAPIAS,TC_CONTINUANCE_CODES
G,CBC,CONTINUED BY COURT,TC_CONTINUANCE_CODES
G,CLK,CLERK,TC_CONTINUANCE_CODES
G,COM,COMMONWEALTH,TC_CONTINUANCE_CODES
G,DD,DEFERRED DISPOSITION,TC_CONTINUANCE_CODES
G,DEF,DEFENDANT,TC_CONTINUANCE_CODES
G,FTA,FAILURE TO APPEAR,TC_CONTINUANCE_CODES
G,GEN,GENERALLY,TC_CONTINUANCE_CODES
G,MOT,MOTION,TC_CONTINUANCE_CODES
G,OFF,OFFICERS REQUEST,TC_CONTINUANCE_CODES
G,OTH,OTHER,TC_CONTINUANCE_CODES
G,RR,RESTITUTION REVIEW,TC_CONTINUANCE_CODES
G,TRI,FOR TRIAL,TC_CONTINUANCE_CODES
G,WTR,WEATHER,TC_CONTINUANCE_CODES
G,AA,APPOINT ATTY,TC_HEARING_TYPES
G,AC,ARRAIGNMENT BY CLERK,TC_HEARING_TYPES
G,AH,ADMINISTRATIVE HEARING,TC_HEARING_TYPES
G,AJ,ADJUDICATORY,TC_HEARING_TYPES
G,AR,ARRAIGNMENT,TC_HEARING_TYPES
G,AV,ATTORNEY REVIEW,TC_HEARING_TYPES
G,BD,BOND,TC_HEARING_TYPES
G,CH,CONTESTED HEARING,TC_HEARING_TYPES
G,DP,DISMISSED,TC_HEARING_TYPES
G,DS,DISPOSITION,TC_HEARING_TYPES
G,DT,DETENTION,TC_HEARING_TYPES
G,EX,EXTRADITION,TC_HEARING_TYPES
G,MO,MOTION,TC_HEARING_TYPES
G,PP,PREPAYMENT,TC_HEARING_TYPES
G,PR,PRELIMINARY,TC_HEARING_TYPES
G,PT,PRE-TRIAL,TC_HEARING_TYPES
G,RG,REVIEW HEARING,TC_HEARING_TYPES
G,RH,RE-HEARING,TC_HEARING_TYPES
G,RO,RE-OPEN,TC_HEARING_TYPES
G,RP,REVIEW PROGRESS,TC_HEARING_TYPES
G,RR,RESTITUTION REVIEW,TC_HEARING_TYPES
G,RV,REVOCATION,TC_HEARING_TYPES
G,ST,SENTENCING,TC_HEARING_TYPES
G,TR,TRANSFER,TC_HEARING_TYPES
G,WV,HEARING WAIVED,TC_HEARING_TYPES
G,C,CONTINUED,TC_JUDGEMENT_RESULT
G,F,FINAL,TC_JUDGEMENT_RESULT
G,W,WAIVED,TC_JUDGEMENT_RESULT
G,A,ATTEMPTED,TC_MODIFIER_CODES
G,B,ACCESSORY BEFORE THE FACT,TC_MODIFIER_CODES
G,C,CONSPIRE,TC_MODIFIER_CODES
G,J,SOLICITATION OF JUVENILE,TC_MODIFIER_CODES
G,P,PRINCIPLE 2ND,TC_MODIFIER_CODES
G,S,SOLICITATION,TC_MODIFIER_CODES
G,G,GUILTY,TC_PLEA_CODES
G,NC,NOLO CONTENDERE,TC_PLEA_CODES
G,NG,NOT GUILTY,TC_PLEA_CODES
G,TA,TRIAL IN ABSENTIA,TC_PLEA_CODES
G,CA,CAPIAS,TRAFFIC_CASE_TYPE_CODES
G,CV,CIVIL VIOLATION,TRAFFIC_CASE_TYPE_CODES
G,F,FELONY,TRAFFIC_CASE_TYPE_CODES
G,I,INFRACTION,TRAFFIC_CASE_TYPE_CODES
G,M,MISDEMEANOR,TRAFFIC_CASE_TYPE_CODES
G,MO,MOTION,TRAFFIC_CASE_TYPE_CODES
G,O,OTHER,TRAFFIC_CASE_TYPE_CODES
G,RL,RESTRICTED OL FOR F/C ONLY,TRAFFIC_CASE_TYPE_CODES
G,SC,SHOW CAUSE,TRAFFIC_CASE_TYPE_CODES
G,B,BAIL,TRAFFIC_DEFENDANT_STATUS
G,C,"CUSTODY (INCL. JAIL, PEN, MENTAL HOSPITAL, MILITARY DETENTION FACILITY, ETC.)",TRAFFIC_DEFENDANT_STATUS
G,F,FUGITIVE,TRAFFIC_DEFENDANT_STATUS
G,O,OTHER,TRAFFIC_DEFENDANT_STATUS
G,R,RELEASED ON RECOGNIZANCE,TRAFFIC_DEFENDANT_STATUS
G,S,RELEASED ON SUMMONS,TRAFFIC_DEFENDANT_STATUS
G,326C,Subpoena For Witness - Behalf Of Commonwealth,TRAFFIC_NOTICE_TYPE
G,326D,Subpoena For Witness - Behalf Of Defendant,TRAFFIC_NOTICE_TYPE
G,326L,Subpoena For Witness - Behalf Of Locality,TRAFFIC_NOTICE_TYPE
G,336,Subpoena Duces Tecum,TRAFFIC_NOTICE_TYPE
G,346C,Notice Of Hearing Date,TRAFFIC_NOTICE_TYPE
G,346L,Notice Of Hearing Date,TRAFFIC_NOTICE_TYPE
G,360,Show Cause Summons,TRAFFIC_NOTICE_TYPE
G,361,Capias - Attachment Of The Body,TRAFFIC_NOTICE_TYPE
G,368,Motion to Reopen/Rehear,TRAFFIC_NOTICE_TYPE
G,N,NO,VASAP_CODES
G,W,WAIVED,VASAP_CODES
G,Y,YES,VASAP_CODES
